старт,vii,всероссийский,фестиваль,конкурс,спортивный,журналистика,энергия,победа
фото,ооо,газпром,добыча,ямбург
компрессорный,станция,сальский,ростовский,область,фото,пао,газпром
кулинарный,конкурс,национальный,уха,в,сель,красноселькуп,фото,ооо,газпром,добыча,уренгой
создать,комиссия,по,вопрос,укрепление,платёжный,дисциплина,при,поставка,газа,на,внутренний,рынок
центральный,тэц,пао,тгк,1,новый,энергетический,центр,санкт,петербург,фото,пао,тгк,1
енисей,и,рыбак,фото,николай,ковальчук,ооо,газпром,добыча,кузнецк
ульяновск,фото,пао,газпром
газпром,газомоторный,топливо,начать,заправка,локомотив,ржд,сжидить,природный,газ
малый,тундровый,лебедь,занести,в,красный,книга,фото,ооо,газпром,добыча,ямбург
подвести,итог,конкурс,по,компьютерный,проектирование,и,информационный,технология
один,труба,для,газопровод,северный,поток,2,фото,пао,газпром
алтай,фото,ооо,газпром,георесурс
12,февраль,1960,год,в,ереван,быть,зажечь,один,факел,природный,газа,фото,зао,газпром,армения
алексей,миллер,и,глава,ингушетия,юнус,бек,евкуров,рассмотреть,ход,и,перспектива,газификация,республика
уровень,газификация,республика,марий,эл,увеличить,до,87,9%
алексей,миллер,и,министр,по,дело,северный,кавказ,левый,кузнецов,обсудить,вопрос,работа,газпром,в,скфо
газпром,полностью,выполнять,обязательство,по,газоснабжение,потребитель,южный,осетия
газпром,и,basf,отметить,важность,реализация,проект,северный,поток,2,в,наметить,срок
газпром,и,министерство,экономический,связь,и,иностранный,дело,венгрия,подписать,документ,по,сотрудничество
